episode,return_raw,return_clipped,qmax,ece_clip
1,23.0,23.0,6.7506208419799805,0.0
2,138.0,138.0,7.824105739593506,0.0
3,6.0,6.0,9.626038551330566,0.0
4,122.0,122.0,10.16872787475586,0.0
5,23.0,23.0,6.76682186126709,0.0
6,138.0,138.0,7.824105739593506,0.0
7,6.0,6.0,9.626038551330566,0.0
8,122.0,122.0,10.16872787475586,0.0
9,23.0,23.0,6.876462936401367,0.0
10,138.0,138.0,7.824105739593506,0.0
